<wpml-config>
    <custom-fields>
        <custom-field action="copy">quantity</custom-field>
        <custom-field action="translate">custom-title</custom-field>
        <custom-field action="copy">weight</custom-field>
        <custom-field action="translate">custom-description</custom-field>
        <custom-field action="ignore">date-added</custom-field>
    </custom-fields>
    <custom-types>
        <custom-type translate="1">gallery</custom-type>
        <custom-type translate="1">video</custom-type>
        <custom-type translate="1">event</custom-type>
        <custom-type translate="1">ts_slider</custom-type>
        <custom-type translate="1">ts_teams</custom-type>
        <custom-type translate="1">ts_pricing_table</custom-type>
    </custom-types>    
    <taxonomies>
        <taxonomy translate="0">gallery_categories</taxonomy>
        <taxonomy translate="0">event_categories</taxonomy>
        <taxonomy translate="0">videos_categories</taxonomy>
        <taxonomy translate="1">teams</taxonomy>
    </taxonomies>    
    <admin-texts>
        <key name="gowatch_general" />
        <key name="gowatch_styles" />
        <key name="gowatch_colors" />
        <key name="gowatch_layout" />
        <key name="gowatch_typography" />
        <key name="gowatch_single_post" />
        <key name="gowatch_airkit_page_settings" />
        <key name="gowatch_social" />
        <key name="gowatch_custom_css" />
    </admin-texts>    
    <language-switcher-settings>
        <key name="icl_lang_sel_config">
            <key name="font-current-normal">#444444</key>
            <key name="font-current-hover">#000000</key>
            <key name="background-current-normal">#ffffff</key>
            <key name="background-current-hover">#eeeeee</key>
            <key name="font-other-normal">#444444</key>
            <key name="font-other-hover">#000000</key>
            <key name="background-other-normal">#ffffff</key>
            <key name="background-other-hover">#eeeeee</key>
            <key name="border">#cdcdcd</key>
        </key>
        <key name="icl_lang_sel_footer_config">
            <key name="font-current-normal">#444444</key>
            <key name="font-current-hover">#000000</key>
            <key name="background-current-normal">#ffffff</key>
            <key name="background-current-hover">#eeeeee</key>
            <key name="font-other-normal">#444444</key>
            <key name="font-other-hover">#000000</key>
            <key name="background-other-normal">#ffffff</key>
            <key name="background-other-hover">#eeeeee</key>
            <key name="border">#cdcdcd</key>
        </key>    
        <key name="icl_language_switcher_sidebar">0</key>  
        <key name="icl_widget_title_show">0</key>
        <key name="icl_lang_sel_type">dropdown</key>
        <key name="icl_lso_link_empty">0</key>
        <key name="icl_lso_flags">0</key>
        <key name="icl_lso_native_lang">1</key>
        <key name="icl_lso_display_lang">1</key>
        <key name="icl_lang_sel_footer">0</key>
        <key name="icl_post_availability">0</key>
        <key name="icl_post_availability_position">below</key>
        <key name="icl_post_availability_text">This post is also available in: %s</key>    
    </language-switcher-settings>    
</wpml-config>


