[{"main":["search-2","widget_touchsize_latest_posts-2","airkit_advertising-2"],"footer1":["text-2","airkit_widget_stats-2"],"footer2":["widget_touchsize_column_menu-2"],"footer3":["widget_touchsize_latest_posts-3"],"ts-sidebar-5975fa2712108":["widget_touchsize_most_viewed-2"],"ts-sidebar-59760883b7ae9":["widget_touchsize_tabber-2","text-3"],"ts-sidebar-5976f6138f7fc":["airkit_advertising-3"],"ts-sidebar-5978a3549e627":["widget_touchsize_most_viewed-3","widget_touchsize_tags-2","airkit_advertising-4"],"ts-sidebar-597b2c1aeff93":["media_image-2","widget_touchsize_most_viewed-4"],"ts-sidebar-5991c6d4e0c6d":["widget_touchsize_latest_posts-4"],"ts-sidebar-5991c6d88b6a1":["widget_touchsize_flickrwidget-2","widget_touchsize_tags-3"],"ts-sidebar-5991c6dbd8432":["widget_touchsize_tweets-2"],"ts-sidebar-5991c6df55530":["airkit_widget_social_follow-2","mc4wp_form_widget-2"]},{"search":{"2":{"title":""},"_multiwidget":1},"widget_touchsize_latest_posts":{"2":{"title":"Last added videos","nr_posts":"4","customPost":"video","taxonomy":"videos_categories","taxonomies":["animation","arts-fashion","comedy","film-animation","music","people-blogs","sports","travel"],"style":"thumb-below","date":"n","likes":"n","views":"y","comments":"n","columns":"2","tab":"n","tags":[]},"3":{"title":"New videos","nr_posts":"4","customPost":"video","taxonomy":"videos_categories","taxonomies":["animation","arts-fashion","comedy","film-animation","music","people-blogs","sports","travel"],"style":"title-right","date":"y","likes":"n","views":"y","comments":"n","columns":"1","tab":"n","tags":[]},"4":{"title":"Latest videos","nr_posts":"3","customPost":"video","taxonomy":"videos_categories","taxonomies":["animation","arts-fashion","music","sports","travel"],"style":"title-right","date":"n","likes":"n","views":"y","comments":"y","columns":"1","tab":"n","tags":[]},"_multiwidget":1},"airkit_advertising":{"2":{"title":"Advertising","advertising_code":"<div class=\"text-center\"><a href=\"http:\/\/touchsize.com\" target=\"_blank\" rel=\"noopener\"><img class=\"lazy\" alt=\"Louvre WordPress Theme Banner\" data-original=\"http:\/\/demo3.touchsize.com\/louvre\/wp-content\/uploads\/sites\/70\/2017\/04\/louvre-tall-pink.jpg\" \/><\/a><\/div>"},"3":{"title":"Advertising","advertising_code":"<div class=\"text-center\"><a href=\"http:\/\/touchsize.com\" target=\"_blank\" rel=\"noopener\"><img class=\"lazy\" alt=\"Louvre WordPress Theme Banner\" data-original=\"http:\/\/demo3.touchsize.com\/gowatch\/wp-content\/uploads\/sites\/72\/2017\/07\/lorax_300x600_banner.jpg\" \/><\/a><\/div>"},"4":{"title":"Advertising","advertising_code":"<div class=\"text-center\"><a href=\"http:\/\/touchsize.com\" target=\"_blank\" rel=\"noopener\"><img class=\"lazy\" alt=\"Louvre WordPress Theme Banner\" data-original=\"http:\/\/demo3.touchsize.com\/louvre\/wp-content\/uploads\/sites\/70\/2017\/04\/louvre-tall-pink.jpg\" \/><\/a><\/div>"},"_multiwidget":1},"text":{"2":{"title":"","text":"<img src=\"http:\/\/demo3.touchsize.com\/gowatch\/wp-content\/uploads\/sites\/72\/2017\/07\/cropped-logolight.png\" alt=\"goWatch logo\" width=\"220\" \/>","filter":"content"},"3":{"title":"Advertising","text":"<div class=\"text-center\"><a href=\"http:\/\/touchsize.com\" target=\"_blank\"><img class=\"lazy\" data-original=\"http:\/\/demo3.touchsize.com\/louvre\/wp-content\/uploads\/sites\/70\/2017\/04\/louvre-tall-pink.jpg\" alt=\"Louvre WordPress Theme Banner\" \/><\/a><\/div>","filter":"content"},"_multiwidget":1},"airkit_widget_stats":{"2":{"title":"","style":"inline"},"_multiwidget":1},"widget_touchsize_column_menu":{"2":{"nav_menu":15,"nav_columns":3,"text_align":"text-left"},"_multiwidget":1},"widget_touchsize_most_viewed":{"2":{"title":"Top viewed","nr_posts":"3","customPost":"video","taxonomy":"videos_categories","taxonomies":["animation","arts-fashion","comedy","film-animation","music","people-blogs","sports","travel"],"style":"number","date":"n","likes":"n","views":"y","comments":"y","columns":"1","by_time":"t"},"3":{"title":"Top viewed","nr_posts":"4","customPost":"video","taxonomy":"videos_categories","taxonomies":["animation","arts-fashion","comedy","entertainment","film-animation","gaming","music","people-blogs","sports","travel"],"style":"thumb-below","date":"y","likes":"n","views":"y","comments":"n","columns":"2","by_time":"t"},"4":{"title":"Top viewed","nr_posts":"2","customPost":"video","taxonomy":"videos_categories","taxonomies":["animation","arts-fashion","comedy","entertainment","film-animation","gaming","music","people-blogs","sports","travel"],"style":"title-right","date":"y","likes":"n","views":"y","comments":"n","columns":"1","by_time":"t"},"_multiwidget":1},"widget_touchsize_tabber":{"2":{"title":"","nr_posts":"3","customPost":"video","taxonomy":"videos_categories","taxonomies":["animation","arts-fashion","comedy","film-animation","music","people-blogs","sports","travel"],"style":"title-right","date":"y","likes":"n","views":"y","comments":"y","columns":"1"},"_multiwidget":1},"widget_touchsize_tags":{"2":{"title":"Popular tags","nr_tags":"8"},"3":{"title":"Popular tags","nr_tags":"8"},"_multiwidget":1},"media_image":{"2":{"attachment_id":194,"url":"http:\/\/demo3.touchsize.com\/gowatch\/wp-content\/uploads\/sites\/72\/2017\/07\/best-gowatch-banner-300x250.jpg","title":"Advertising","size":"medium","width":300,"height":250,"caption":"","alt":"","link_type":"custom","link_url":"http:\/\/touchsize.com","image_classes":"","link_classes":"","link_rel":"","image_title":"","link_target_blank":true},"_multiwidget":1},"widget_touchsize_flickrwidget":{"2":{"id":"36587311@N08","title":"Flickr","number":"8","showing":"latest"},"_multiwidget":1},"widget_touchsize_tweets":{"2":{"title":"Latest tweets","number":"3","username":"stefanciorici","dynamic":0,"columns":1,"followus":0,"consumerKey":"VZD56fxMnrMPReeECn5IeQ","consumerSecret":"9zPqqoVWUZU4UTcHxwNAwJG6lhci02wwez7Ji8PWTes","accessToken":"30423029-Sx6xhkiOWAMfzMyWSoMZOQU0TCNob5O4nZ8otYbbQ","accessTokenSecret":"HDBiJ5v7kVBoIIyIEPiVkmiC3dm1XIDjUdnwlk6Q0Q"},"_multiwidget":1},"airkit_widget_social_follow":{"2":{"title":"Follow us","facebook":"54353","facebook_link":"http:\/\/touchsize.com","twitter":"5432","twitter_link":"http:\/\/touchsize.com","instagram":"5432","instagram_link":"http:\/\/touchsize.com","pinterest":"5433","pinterest_link":"http:\/\/touchsize.com","youtube":"","youtube_link":"","snapchat":"","snapchat_link":""},"_multiwidget":1},"mc4wp_form_widget":{"2":{"title":"Newsletter"},"_multiwidget":1}}]