[{"main":["airkit_instagram_feed-2","search-2","widget_touchsize_latest_posts-2"],"ts-sidebar-59a3db884f196":["airkit_widget_list_categories-2","media_image-2"]},{"airkit_instagram_feed":{"2":{"title":"Instagram","username":"touchsize","number":"9","size":"large","target":"_self","per_row":"3","layout":"grid","likes":"n","caption":"n"},"_multiwidget":1},"search":{"2":{"title":""},"_multiwidget":1},"widget_touchsize_latest_posts":{"2":{"title":"Latest videos","nr_posts":"4","customPost":"video","taxonomy":"videos_categories","taxonomies":["howto-style"],"style":"thumb-below","date":"y","likes":"y","views":"y","comments":"n","columns":"2","tab":"n","tags":[]},"_multiwidget":1},"airkit_widget_list_categories":{"2":{"title":"Categories","customPost":"video","taxonomy":"videos_categories","taxonomies":["fun","howto-style","moments"],"image":"n"},"_multiwidget":1},"media_image":{"2":{"attachment_id":92,"url":"http:\/\/demo3.touchsize.com\/gowatch-vlog\/wp-content\/uploads\/sites\/73\/2017\/08\/louvre-tall-pink.jpg","title":"Advertising","size":"full","width":350,"height":467,"caption":"","alt":"","link_type":"none","link_url":"","image_classes":"","link_classes":"","link_rel":"","image_title":"","link_target_blank":false},"_multiwidget":1}}]